O_Customer_ID,O_Order_ID,Service_ID,App_ID
4828072535,6961461808,4976560562,2104016258
3950580239,7906908899,2146349026,6958645839
6591579710,379973790,7034880573,2520047488
480824924,8439379773,4451940362,5077860092
8999068307,1899052011,8465821836,2159927961
6000713371,5628656348,4409227548,9248744117
8893879492,9689127381,4457892300,311532284
9931579854,6120256059,7815675522,7117262087
7912780327,9589036694,2944473921,2379027382
8514950878,6767156523,7064737892,8222390015
2928633944,5152193728,7614860470,2537692179
2806547237,7894489964,8129916800,4029060412
3061956786,7048179813,1658613899,8943575319
1050885848,1769208488,4013436779,1400084741
5129463021,1360471308,9882148395,5007928879
4736957956,4025070472,3564245944,791920445
2273196687,9206801538,4502083208,221816836
8394371752,3713305595,5337758691,8629376945
7880490140,7866523061,6910897846,2251206310
878125205,6819996128,3780151359,2011031664
5097415450,9232066084,4550784326,2405642980
2045638685,3039400126,8100902534,2983137899
8335418500,126297819,6455129059,6637979341
4491293104,5651462198,1164397826,5407408554
2968982842,9065729194,8235434148,9145132062
6423578249,3517588989,7542145533,3169489550
3887127269,9435616798,3383146766,815326726
6635649166,6584891771,8721613753,5342680697
2083896068,6084355099,9307407150,2856934358
761779086,2823170448,1827929553,8770214395
3930303957,6410179871,117730785,6598298792
6719310283,3986468862,8456321192,6063695044
5985212416,2293534340,5650803048,3360896726
5760082639,8621079631,3446849440,6271201644
2451048271,8252416594,2444085302,7931745574
4752572001,8787066025,1802782729,5462864949
6276115355,7544148254,8077683126,523808445
5023869733,9730397341,7698644421,2568911905
2430203170,572719663,2811577637,645718556
5590284724,9980125284,9317200877,2401666354
4746773491,5255769002,3488885216,174667906
8328648547,3446003452,8935655813,6178840314
1414932553,4696262391,8960055611,5974835514
7176028842,5547855707,1744090467,7234669205
1745783946,7163912366,3661541358,1492190608
2913141110,9598723836,4747725180,9605664089
8797617105,1046900684,8801009348,1341758826
697859258,1197263799,775451037,1626780919
9431428814,7211693908,9855773217,2817929152
6348224996,2454447231,2632226007,5392019269
3708835948,436056917,3386324452,9892519124
106564536,797510788,4828714693,9491552732
2276890886,2391835264,2591101353,7329174483
2374417034,9618837327,5619806669,437557227
9988824750,6004763659,3410679820,7808412171
6703119724,8772288388,2551004403,2281971104
7735378394,7360457440,8857723798,2976381429
1510577858,3643584784,8656946854,973069430
9612913250,915589419,2085636586,5350042661
124516653,3311615131,1360092595,4527594141
8631113999,8268765534,5343613470,4595470185
2469292336,3367348872,8891750204,4665777349
6077980706,6936214738,6024378335,8866449482
6396409089,4529860612,6338502683,7706088324
1726861635,4676993722,387798374,3525408838
3495165797,1309510881,2025231571,261483625
5454614254,4818174327,6330678650,7947116261
540541419,8917734014,9302207226,638890578
8116866605,16724860,7127296987,6727901562
3680611153,3858560367,4210828092,593306074
9146953620,8252577695,5195827346,684594382
2921365138,9127112683,5335662182,6636908246
7404218306,7380148079,3798597758,6079485117
9032743880,6339340199,7999777080,3959696183
6695788901,7230904358,3117065865,6532688754
6975816077,3998325468,1765264774,2240144270
7419833095,9332879621,6105638507,6495674562
7527627190,8361190554,6387829496,767883586
1910361771,2088362681,5808687276,6002724788
846916959,6082509978,4398907750,5764702380
6000144377,4839263469,2002703817,4166844156
5842502798,1810650860,1276151012,5763894162
6618206022,6978435546,5110667497,134664124
4814791399,5093849219,518270165,7746573371
8317699668,5781348212,9873063404,7930648133
794870406,3821255234,836986644,9021104881
492904693,8073267292,4940220885,6244311744
1427900256,57518769,2745897500,114707243
2442703343,1030367671,2318810168,4259672177
4306946681,8184669038,7807563176,1603497714
3002566837,2409591930,7978270459,5074543770
3529940445,5018026995,1863209514,8594897871
2593958677,9922407027,8972845876,3589722355
401119432,9656610008,3173885295,4606085452
3298042676,1735611522,6744558749,9829779475
228537363,1922798517,9120744218,3535059763
5588689127,8582020880,2805336747,8429305122
897174348,4864496706,1077756577,3963670967
2282022440,5192542138,9906461233,667110836
7244535147,2697712445,716880148,7592248611